item_id,split,provenance,question,reference_answer,model_answer,human_answer,human_rating,human_note,human_status,judge_rating
56dddf4066d3e219004dad5f,calibration,public-reused,Хто був герцогом під час битви при Гастінгсі?,Вільгельма Завойовника,Вільгельм Завойовник.,,5,,rated,1.0
56dde0379a695914005b9636,calibration,public-reused,Яке первісне значення слова Norman?,"Нордман, вікінг","Початкове значення слова ""Норман"" походить від Староніжньофранкського Nortmann, що означало ""Північний чоловік"".",,5,,rated,1.0
56dde27d9a695914005b9651,calibration,public-reused,Яку релігію сповідували нормандці?,католицизмом,"Нормани сповідували християнську релігію, зокрема католицтво.",,5,,rated,0.95
56dde2fa66d3e219004dad9b,calibration,public-reused,Що було одним із головних експортних товарів норманів?,бойових вершників,Бойові вершники.,,5,,rated,0.85
56de15104396321400ee25b7,calibration,public-reused,У якому місті нормани та візантійці уклали мирний договір?,Діаболіс,Договір уклали в місті Діаболіс.,,5,,rated,1.0
56de1563cffd8e1900b4b5c2,calibration,public-reused,Коли нормани напали на Диррахій?,1185,1185 рік.,,5,,rated,0.9
56de1728cffd8e1900b4b5d7,calibration,public-reused,На яку мову врешті-решт перетворилася англо-нормандська мова?,Сучасну англійську,Англо-нормандська мова врешті-решт перетворилася на англійську.,,5,,rated,1.0
56de17f9cffd8e1900b4b5e0,calibration,public-reused,Хто був братом Маргарет?,Едгар,Малкольм III Шотландії.,,1,,rated,1.0
56de3cd0cffd8e1900b4b6be,calibration,public-reused,З ким одружився Олександр I?,Сибіллою з Нормандії,Сибіллою з Нормандії.,,5,,rated,1.0
56de3dbacffd8e1900b4b6d2,calibration,public-reused,Яка країна була під владою нормандських баронів?,Уельс,Марші.,,2,,rated,0.55
56de3efccffd8e1900b4b6fe,calibration,public-reused,Протягом скількох років західноєвропейські сили контролювали Кіпр?,380 років,380 років.,,5,,rated,1.0
56de3f784396321400ee26fa,calibration,public-reused,Що завадило Річарду дістатися до Акри?,шторм,Шторм розгромив флот Річарда Левіна Серце.,,5,,rated,1.0
56de40da4396321400ee2708,calibration,public-reused,Хто був суперником Гія?,Конрада з Монферрату,Конрад з Монферрату.,,5,,rated,1.0
56de49a8cffd8e1900b4b7a7,calibration,public-reused,Хто став королем Канарських островів?,Бетенкурт,Бетенкурт.,,5,,rated,1.0
56de4a89cffd8e1900b4b7bd,calibration,public-reused,Який архітектурний ідіом був характерний для норманів?,романський,Романський ідіом.,,5,,rated,1.0
56e17644e3433e1400422f40,calibration,public-reused,Які дві галузі теоретичної інформатики тісно пов'язані з теорією обчислювальної складності?,аналіз алгоритмів та теорія обчислювальності,Аналіз алгоритмів та теорія обчислювальності.,,5,,rated,1.0
56e17a7ccd28a01900c679a1,calibration,public-reused,Як називається вхідний рядок обчислювальної проблеми?,екземпляром проблеми,екземпляр,,5,,rated,1.0
56e181d9e3433e1400422fa0,calibration,public-reused,Що в обчислювальній проблемі можна описати як рядок над алфавітом?,екземпляр проблеми,екземпляр проблеми.,,5,,rated,0.85
56e1a0dccd28a01900c67a2e,calibration,public-reused,Як зазвичай можна переформулювати функціональні проблеми?,проблеми прийняття рішення,"Проблеми, які можуть бути вирішені за поліноміальний час, але на практиці займають надто багато часу для того, щоб їх розв'язки були корисними, відомі як невирішувані проблеми.",,3,,rated,0.6
56e1a564cd28a01900c67a48,calibration,public-reused,"Чия теза стверджує, що проблему можна вирішити за допомогою прийнятної кількості ресурсів, якщо для неї існує поліноміальний алгоритм часу?",Теза Кобгема,Теза Кобгема.,,5,,rated,1.0
56e1b00ce3433e140042309e,calibration,public-reused,Turing machines are commonly employed to define what? ,класів складності,Проблеми.,,2,,rated,0.6
56e1b355e3433e14004230b0,calibration,public-reused,"Яку машину Тьюрінга можна охарактеризувати як таку, що перевіряє кілька можливостей одночасно?",недетермінована,Недетерміністична машина Тьюрінга.,,5,,rated,1.0
56e1b8f3e3433e14004230e6,calibration,public-reused,Якими трьома основними виразами позначають складність за випадками?,"Найкращий, найгірший та середній","Найкращий, найгірший та середній випадки служать трьома різними способами вимірювання часової складності (або будь-якої іншої міри складності).",,5,,rated,1.0
56e1bd4acd28a01900c67afc,calibration,public-reused,Яке позначення зазвичай використовують для вираження верхніх або нижніх меж?,великої O-нотації,Окремі інтерфейси.,,1,,rated,0.05
56e1c0f6cd28a01900c67b2c,calibration,public-reused,"Що має складні визначення, які не вписуються в ці рамки?",класи складності,"Класи складності, які мають складні визначення, які не вписуються в ці рамки.",,5,,rated,0.9
56e1c2eee3433e1400423134,calibration,public-reused,Від чого часто залежать класи складності при конкретному обмеженні часу обчислення?,обраної моделі машини,Залежать від моделі машини.,,5,,rated,0.55
56e1c720e3433e140042316a,calibration,public-reused,"Який приклад міри в класі складності, послаблення межі якої призвело б до збільшення множини задач?",часу обчислення,Інформація недостатня.,,2,,rated,0.55
56e1c9bfe3433e1400423192,calibration,public-reused,Яке поняття часто використовується для визначення класів складності?,Редукція,Редукція.,,5,,rated,1.0
56e1ddfce3433e14004231d5,calibration,public-reused,"Якщо зрештою доведуть, що P = NP, який вплив це матиме на ефективність розв'язування проблем?",більш ефективні рішення,"Якщо доведуть, що P = NP, то це означає, що всі проблеми в класі NP можуть бути вирішені за поліноміальний час. Це мав би значний вплив на ефективність розв'язування проблем у багатьох областях, зокрема:* Цілочисельне програмування: багато проблем у цій області можуть бути вирішені за поліноміальний час, що означало б значовий прогрес у розробці алгоритмів для цих проблем.* Логістика: розв'язання логістичних проблем за поліноміальний час могло би суттєвно вплинути на розвиток логістичної теорії та її застосуванню в реальній-life.* Біологія: розв'язання проблем у галузі структури білків міг би суттєвно вплинути на розвиток біології та розробку нових методів дослідження білкових молекул.* Теорія чистої математики: розв'язання формальних доказів за поліноміальний час могло б суттєвно вплинути на розвиток теорії чистої математики та її застосуванню в інших областях.Однако, якщо P не дорівнює NP, то багато проблем у класі NP будуть залишатися невирішуваними за поліноміальний час. Це означало б, що розв'язання цих проблем буде вимагати значного часу та ресурсів, що може бути суттєвим для багатьох областей.",,5,,rated,0.9
56e1ee4de3433e1400423210,calibration,public-reused,Яке непідтверджене припущення зазвичай приписують співвідношенню між класами складності?,"підозрюються у тому, що вони неоднакові",Повноцільна інформація відсутня.,,2,,rated,0.55
56e1efa0e3433e140042321a,calibration,public-reused,До якого класу складності належать проблеми‑доповнення задач класу NP?,спів-NP,Проблеми-доповнення задач класу NP належать до класу спів-NP.,,5,,rated,1.0
56e1f10ee3433e1400423222,calibration,public-reused,"Яка множина позначає всі проблеми, які можуть бути вирішені в логарифмічному просторі?",L,Інформація недостатня.,,2,,rated,0.55
56e1febfe3433e1400423236,calibration,public-reused,"Яка епонімна варіація арифметики містить задачу прийняття рішення, доведено не належну до класу P?",пресбургерській арифметиці,Інформації недостатньо.,,2,,rated,0.55
56e202e9e3433e1400423240,calibration,public-reused,Яка стаття загалом вважається початком систематичних досліджень у галузі обчислювальної складності?,Про обчислювальну складність алгоритмів,"Стаття Юріса Гартманіса та Річарда Стернса ""Про обчислювальну складність алгоритмів"" (1965) вважається початком систематичних досліджень у галузі обчислювальної складності.",,5,,rated,1.0
56e2042ecd28a01900c67c1e,calibration,public-reused,Хто в 1960 році дав визначення лінійно обмежених автоматів?,Джона Міхіла,Джон Міхіл.,,5,,rated,1.0
56e20a27cd28a01900c67c24,calibration,public-reused,Який конкретний вибір зазвичай передбачають більшість теорем у теорії складності?,кодування вводу,Кодування вводу.,,5,,rated,0.8
56e20a3ae3433e140042324a,calibration,public-reused,Хто розробив аксіоматичну теорію складності?,Мануель Блум,Мануель Блум.,,5,,rated,1.0
5705e4fe75f01819005e7704,calibration,public-reused,"Як називається водойма, що розташована на сході?",річка Колорадо,Колорадо.,,5,,rated,0.1
5705e99452bb891400689688,calibration,public-reused,"Орандж, Сан-Дієго, Ріверсайд і Сан-Бернардіно становлять чотири з п'яти округів — як називається п'ятий округ?",Лос-Анджелес,Соґал.,,1,,rated,0.55
5705ec1675f01819005e776e,calibration,public-reused,"Окрім серфінгу, яка ще культура притаманна Південній Каліфорнії?",скейтбордингу,Окрім серфінгу Південної Каліфорнії також притамана скейтбордингу та сноуборду.,,4,,rated,0.8
5705edcd52bb8914006896ca,calibration,public-reused,"З географічної точки зору, на якій широті розташована середня точка північно-південного напряму Каліфорнії?","37° 9' 58.23""","37° 9' 58.23""",,5,,rated,1.0
5705eee952bb8914006896de,calibration,public-reused,Яка країна раніше володіла Каліфорнією?,Мексика,Мексика.,,5,,rated,0.85
5705f09e75f01819005e77a4,calibration,public-reused,"Крім земельних законів, чим ще були незадоволені каліфорнійці?",несправедливими податками,"Земельні закони та несправедливі податки не були єдиними причинами незадоволеності каліфорнійців. Додатково вони були незадоволені рабовласницькими законами та політикою, яка дозволяла рабству в південній Каліфорнії.",,5,,rated,0.75
5705fb7f52bb891400689750,calibration,public-reused,Яка головна перешкода для подальшої урбанізації?,Кемп-Пендлтон,Кемп-Пендлтон.,,5,,rated,0.5
5705fd8475f01819005e7840,calibration,public-reused,Який термін найкраще описує сукупність ландшафтів Південної Каліфорнії?,найрізноманітніших,Інформація недостатня.,,2,,rated,0.55
5705ffde52bb891400689784,calibration,public-reused,"Який розлом може спричинити землетрус магнітудою 8,0?",Сан-Андреас,Дефект Сан-Андреас.,,5,,rated,0.9
57060eaf75f01819005e7910,calibration,public-reused,Який округ розвиває свій бізнес-центр?,Орандж,Інформація недостатня.,,2,,rated,0.55
5706111a52bb89140068984c,calibration,public-reused,Як називається система приміських залізничних перевезень?,Метролінк,Інформація недостатня.,,2,,rated,0.55
5706139252bb891400689864,calibration,public-reused,Яка назва вживається для опису регіону з різноманітною технологічною та промисловою базою?,Технологічне узбережжя,Технологічне узбережжя.,,5,,rated,1.0
57092322efce8f15003a7db0,calibration,public-reused,Яка компанія була створена внаслідок злиття Sky Television і British Satellite Broadcasting?,BSkyB,BSkyB.,,5,,rated,1.0
57094b4f9928a814004714f6,calibration,public-reused,З якого консорціуму була виключена BSkyB?,ONdigital,BSkyB була виключена з консорціуму ONdigital.,,5,,rated,1.0
57094d489928a8140047150a,calibration,public-reused,"Як називається система шифрування платного телебачення, яку використовує BSkyB?",VideoGuard,"Відома система шифрування платного телебачення, яку використовує BSkyB, називається VideoGuard.",,5,,rated,1.0
570963a5200fba1400367f33,calibration,public-reused,Під якою назвою раніше була відома компанія Sky UK Limited?,BSkyB,"Британська телекомунікаційна компанія, яка обслуговує Сполучене Королівство.",,3,,rated,0.6
57096b66200fba1400367fa7,calibration,public-reused,Коли BSkyB оголосила про свій намір замінити свої безкоштовні цифрові наземні канали?,8 лютого 2007 року,8 лютого 2007 року.,,5,,rated,1.0
57097b50200fba140036804d,calibration,public-reused,Скільком домогосподарствам у 2010 році стало доступним супутникове телебачення прямого доступу від BSkyB?,10 мільйонів,10 мільйонів домогосподарств.,,5,,rated,1.0
57097c8fed30961900e841f2,calibration,public-reused,На яку картку Алек Шелбрук запропонував здійснювати виплати допомоги?,Картку соціальних виплат,Картка соціальних виплат.,,5,,rated,0.85
570d2417fed7b91900d45c3d,calibration,public-reused,Якою є економіка Вікторії?,різноманітною,"Так. Економіка Вікторії дуже різноманітна та включає сектори обслуговування, охорони здоров'я, освіти, оптової та роздрібної торгівлі, гостинності та виробництва. Загальний валовий продукт штату Вікторія посідає друге місце в Австралії.",,5,,rated,0.85
570d26efb3d812140066d48f,calibration,public-reused,Яка система представництва у Вікторійській правовій раді?,багатомандатною пропорційною системою,Багатомандатна пропорційна система.,,5,,rated,1.0
570d28bdb3d812140066d4a3,calibration,public-reused,Яка політична партія найсильніша в робітничих передмістях Мельбурна?,Австралійська Партія праці,Центрально-ліва Австралійська Партія праці (ALP).,,5,,rated,1.0
570d2af0fed7b91900d45c93,calibration,public-reused,У якій частині Австралії розташована Вікторія?,на південному сході,Вікторія розташована на південному сході Австралії.,,5,,rated,1.0
570d2c20fed7b91900d45ca7,calibration,public-reused,Як називають корінних аборигенів Вікторії?,Коорі,Корі.,,5,,rated,1.0
570d391fb3d812140066d575,calibration,public-reused,Де знаходиться найхолодніша частина Вікторії?,Вікторіанські Альпи,Вікторіанські Альпи на північному сході є найхолоднішою частиною Вікторії.,,5,,rated,1.0
570d4a6bfed7b91900d45e13,calibration,public-reused,Коли було засновано колонію Нового Південного Уельсу?,1788,1788 рік.,,5,,rated,1.0
571077ecb654c5140001f909,calibration,public-reused,Де оселилися перші колоністи‑гюгениоти?,Кіп-Доброї-Надії,"Бухта Гуанабара, сучасний Ріо-де-Жанейро.",,5,,rated,1.0
57107a3ea58dae1900cd69de,calibration,public-reused,Біля якого південного міста оселилися гугеноти?,"Чарльстону, Південна Кароліна","Біля міста Нью-Рошель, що розташований на північ від Нью-Йорка.",,3,,rated,0.85
57107e6ca58dae1900cd69f2,calibration,public-reused,Яка саме група протистояла гугенотам?,Католицька церква у Франції,Католицька церква у Франції та її члени протистояли гугенотам.,,5,,rated,0.95
57108073b654c5140001f925,calibration,public-reused,"Як називалися громадянські війни, спричинені гугенотами?",повстання гугенотів,Повстання гугенотів.,,5,,rated,0.85
57108198b654c5140001f937,calibration,public-reused,Скільки протестантів сьогодні проживає у Франції?,один мільйон,Протестантів у Франції близько 1 мільйона осіб.,,5,,rated,1.0
571090abb654c5140001f995,calibration,public-reused,Де в Англії оселилися гюгеноти й волони?,Кентербері,Інформація відсутня.,,2,,rated,0.5
571094b7a58dae1900cd6a66,calibration,public-reused,Якої освіти вимагали від дітей гюгенотів після скасування едикту?,католицької освіти дітей,Діти гугенотів повинні були навчені католицькою освітою.,,5,,rated,0.85
571099b2b654c5140001f9b3,calibration,public-reused,Які два гугенотські квартали було створено в Берліні?,Доротенштадт і Фрідріхштадт,Доротенштадт та Фрідріхштадт.,,5,,rated,1.0
5710eca0a58dae1900cd6b3a,calibration,public-reused,У якій англійській колонії гугенотам пообіцяли землю?,Вірджинія,В Нижньому окрузі Норфолк.,,4,,rated,0.85
5710ed7bb654c5140001fa2b,calibration,public-reused,Коли тривало Голландське повстання?,1568–1609,Голландське повстання тривало з 1568 року до 1609 року.,,5,,rated,1.0
5710f2e2a58dae1900cd6b72,calibration,public-reused,У якій війні в Ірландії брали участь гугенотські полки?,вільгельмівській війні,В ірландській вільгельмівській війні.,,5,,rated,0.9
57111380a58dae1900cd6bd6,calibration,public-reused,Who was one French pro-reform Roman Catholic of the 15th century? ,Жак Лефевр,Жак Лефевр.,,5,,rated,1.0
57111713a58dae1900cd6c00,calibration,public-reused,Як еволюціонували релігійні переконання гугенотів у Новому Світі?,приєднувалися до інших протестантських конфесій,"В Новому світі гугеноти швидко адаптувалися до місцевих умов та часто одружувалися з особами інших протестантських конфесій. Це призвело до їх асиміляції, коли багато гугенотів приєдналися до інших протестантських конфесій. Їх нащадки продовжували використовувати французькі імена та прізвища для своїх дітей аж до 19 століття.",,5,,rated,0.8
571126dfa58dae1900cd6cb2,calibration,public-reused,Який перший справжній двигун виявився комерційно успішним?,паровий двигун,"Першим справжнім двигуном, який став комерційно успішним, був паровий двигун Томаса Савері.",,5,,rated,0.95
571135b8a58dae1900cd6d0e,calibration,public-reused,Який пристрій у більшості парових двигунів використовується для рециркуляції води в котлі?,водяний насос,Водяний насос.,,5,,rated,1.0
57113be3a58dae1900cd6d28,calibration,public-reused,Хто в 1781 році отримав патент на паровий двигун?,Джеймс Ватт,Джеймс Ватт.,,5,,rated,1.0
57114667a58dae1900cd6d80,calibration,public-reused,Який прилад використовують для аналізу роботи парових двигунів?,індикатор парового двигуна,Індикатор парового двигуна.,,5,,rated,1.0
57114dfb50c2381900b54a53,calibration,public-reused,Що відбувається з робочою рідиною в закритій системі?,безпосередньо випускається,"Робоча рідина в циклі Ренкіна нагрівається та перетворюється на пару в котлі, потім розширюється через поршні або турбіни, виконується механічна робота. Знижений тиск пари конденсується та знову подається в котел.",,5,,rated,0.9
57114f0050c2381900b54a65,calibration,public-reused,Які пристрої вважаються рушійною силою Промислової Революції?,Парові двигуни,Парові двигуни.,,5,,rated,0.9
571155ae2419e31400955591,calibration,public-reused,Що є термодинамічною підставою парової машини?,Цикл Ренкіна,Цикл Ренкіна.,,5,,rated,0.8
57115b2850c2381900b54a7f,calibration,public-reused,Хто розробив перший комерційний паропривідний пристрій?,Томасом Савері,Томас Савері.,,5,,rated,1.0
57115c7450c2381900b54a9d,calibration,public-reused,"Що використовують парові турбіни на електростанціях як холодильний резервуар, якщо не застосовується когенерація (CHP)?",поверхневі конденсатори,Конденсатори.,,5,,rated,1.0
57115e532419e314009555af,calibration,public-reused,Після якого року у водяних двигунах часто застосовувалося зростання?,1880,1880 рік.,,5,,rated,1.0
